Cluster 1,Ifi27l2a,Tgtp1,Ly6i,Tmprss7,Lsmem1,Fosb,Gem,H2-Q4,H2-Q5,H2-Q6,Dnajb13,Cebpd,Stat5a,Nr4a1,Gm12216,Nr4a3,Gm16486,H2-Q7,Nfkbiz,Gm45205,Tgfb3,Kcnj13,Irf1,Zfp36,Fos,Jun,Psd,Gm42735,Lhpp,Sp5,Tgm4,H2-Q10,Pde4c,Cachd1,Gm33248,Adamts1,Socs3,Rora,Trp53i11,Tob1,Lrp2bp,Cftr,Retnla,Epha7,Gm15478,Cth,Ppp1r10,Psmb9,Egr1,Dnajb4,Tinag,Irx3,Cecr2,Pi4k2b,Car2,Gpam,Azin2,Birc3,Atf3,Insig1,Spry1,Slc6a20a,Vnn1,Tap1,Dnajb9,Lyz1,Csrnp1,Mitf,Aldh1l1,Zfp131,C3,Ldlr,Irx1,Gdnf,Il33,Crnde,Mfsd2a,Gpx8,Rnf187,Psmb8,Abhd5,Slc10a6,Lpl,Sult1a1,Ier2,Cytip,Gm6166,Adora2b,H2-DMb2,Bex4,Itih4,2610028H24Rik,Lifr,Uvrag,Pnrc1,Acoxl,Matn4,Pgs1,Bscl2,Cyp4v3,Slc39a8,Megf9,Bst2,Slc26a4,B2m,Prrg3,Slc31a1,Ang,Mmp15,Gja1,AC127224.2,Aplp2,Rprm,Adk,Acot1,Irx2,Znrf3,Mme,Pycard,H2-K1,Grb14,Oat,Glipr2,Chsy1,Nfkbia,Kcne2,Trpm6,Gm11771,C6,Rasl11a,Tbc1d30,Stard8,Rab9,Enpep,Sema4f,Hmgcs1,Esam,Car8,Elfn1,Atp6v1c2,Ppp1r14c,Nrp1,H2-D1,Cd74,Abcd3,Foxo3,Afap1l1,Ubc,Mid1ip1,Dusp1,Sntb1,Gm20186,Pfkfb2,Pfkfb4,Txlng,Emb,Gadd45b,Prnp,Hacd3,Chia1,Add3,Plk2,Etv5,Hap1,Scarb2,Rilp,Ank3,Ogdh,Hmgcr,Gm45236,Eif4e3,Iah1,Oaz2,Anpep,Inpp4b,Sord,Cpm,Lrg1,Nav2,St6galnac2,Btg2,Ipo13,Usp8,Nkd1,BC005537,Ldhb,Lgi3,Entpd1,Idi1,Dcaf11,Sort1,Gde1,Ramp1,Ppp1r15a,Cbr2,Ift20,H2-Ab1,Amotl2,Acot2,Pde4d,Phlda1,Lamp3,Hnmt,Npr1,Prps2,Ddx5,Chchd10,Slc25a51,Ifrd1,Socs2,Atp8a1,Egfl6,Itga9,Tmem30a,Sec14l4,Ctsc,App,Chil1,Gt(ROSA)26Sor,Kcnj15,Tapbp,Epas1,Acly,Rbpjl,Ly6e,Rab3a,Stat3,Rsrp1,Anxa6,Sdc4,Nedd4l,H2-Aa,Trp53inp2,H2-Eb1,Mlc1,Cd36,Slc1a5,Errfi1,Rnaset2b,Plekhb1,,,,,,,,,,,,,,,,,,,,,,,,,,,,,,,,,,,,,,,,,,,,,,,,,,,,,,,,,,,,,,,,,,,,,,,,,,,,,,,,,,,,,,,,,,,,,,,,,,,,,,,,,,,,,,,,,,,,,,,,,,,,,,,,,,,,,,,,,,,,,,,,,,,,,,,,,,,,,,,,,,,,,,,,,,,,,,,,,,,,,,,,,,,,,,,,,,,,,,,,,,,,,,,,,,,,,,,,,,,,,,,,,,,,,,,,,,,,,,,,,,,,,,,,,,,,,,,,,,,,
Cluster 2,Gm13449,AC133650.1,Prmt8,Vldlr,Npr2,AC157822.3,Snx25,Adcy7,AC135641.1,Acaca,Rn7s2,Secisbp2l,Kcnj2,Ccz1,Scd2,Gm44250,Cox6a2,S100g,Lrp2,Aox3,Nectin1,Ccpg1,Myo5c,Tspyl4,Fasn,Mettl7a1,D330041H03Rik,Yae1d1,Sfta2,Dcxr,Arhgap31,Gm43085,Adam19,Elovl1,Ccdc141,mt-Nd3,Atp11a,Hc,Slc34a2,Dock9,Slc24a4,Adgrf5,Lpcat1,Abca3,Tmem243,Prr15l,Arfgef3,Mob3b,Smarca2,Cxcl15,Alcam,mt-Nd2,Scp2,Gm28439,mt-Nd6,Npc1,Lrrk2,Soat1,Brd7,Acsl4,Zdhhc3,mt-Nd4,Tmem42,Lbp,Scd1,mt-Rnr1,Dram1,Sftpc,Npw,Tmem164,Sftpa1,mt-Atp6,Napsa,Igsf9b,Rnase4,Slco4c1,Sftpd,Tnfaip1,Dhrs3,Ptprf,Scp2-ps2,Lyz2,,,,,,,,,,,,,,,,,,,,,,,,,,,,,,,,,,,,,,,,,,,,,,,,,,,,,,,,,,,,,,,,,,,,,,,,,,,,,,,,,,,,,,,,,,,,,,,,,,,,,,,,,,,,,,,,,,,,,,,,,,,,,,,,,,,,,,,,,,,,,,,,,,,,,,,,,,,,,,,,,,,,,,,,,,,,,,,,,,,,,,,,,,,,,,,,,,,,,,,,,,,,,,,,,,,,,,,,,,,,,,,,,,,,,,,,,,,,,,,,,,,,,,,,,,,,,,,,,,,,,,,,,,,,,,,,,,,,,,,,,,,,,,,,,,,,,,,,,,,,,,,,,,,,,,,,,,,,,,,,,,,,,,,,,,,,,,,,,,,,,,,,,,,,,,,,,,,,,,,,,,,,,,,,,,,,,,,,,,,,,,,,,,,,,,,,,,,,,,,,,,,,,,,,,,,,,,,,,,
Cluster 3,Map6,Gm43431,Gm29237,Akap5,Hck,Mrc2,Hopx,Mmp11,Scnn1g,Cdkl5,Rtkn2,Sema3a,Radil,Wfdc1,Sec14l3,Nrp2,Slco3a1,Col4a3,Scnn1b,Arhgef26,Col4a4,Tram2,Fam189a2,Kcnk2,Gm37087,Slc6a14,Ndst1,Mettl7a2,Nebl,Fgfr3,Cryab,Hs2st1,Qk,Swap70,Ifit2,Itpkb,Pitpnm3,Gm37752,Pias1,Rnf150,Airn,Gramd2,Arhgap45,Tppp3,Fbln5,Galnt18,Spats2l,Wwp1,Dapk2,Dpysl2,Samhd1,Zfp579,Serinc5,Tmod1,Serpinb9,Dag1,Sphk1,Foxn3,Timp3,Nedd9,Magi3,AC154734.2,Slc1a1,Smim3,Cyr61,Cldn18,Sparc,Rasgef1a,Limch1,Phactr1,Clic3,Samd4,Myct1,Mfsd7c,Hipk2,Nceh1,Pdpn,Celf2,Tgfb2,Nckap5,Shroom4,Arhgap35,Ssh2,Dennd3,Prep,AC154734.1,Arhgef17,Arid5b,Casz1,Stard3,Gm10080,Flrt3,Epb41l5,Kank2,Itgb6,Fermt2,Ager,Mcl1,Wwc1,Sptbn1,Crip2,Cttnbp2nl,Slc9a3r2,S1pr2,Ddx58,Fam168a,Myh14,Trim3,Prkci,Snx13,Myo1b,Magi1,Csrp1,Lama3,Pmp22,Cnn2,Clip4,Mpp7,Foxp2,Gprin3,Rassf2,Rasgef1b,Gsap,Traf1,Hspg2,Myo1e,Liph,Slc44a2,Gprc5a,Eva1b,Thbs3,Serpinb6b,Gm10722,Ptpn14,Akap13,Gm37376,9930012K11Rik,Arl4c,Fam174b,Trp53bp2,Emp2,Klhl24,Unc13d,Hdac7,Lmo7,Slc25a36,Gm11168,Cgn,Svil,Ndnf,Gm26870,Ssh1,Pcnt,Akap8l,Bcam,Aqp5,Clstn1,Malat1,Bmpr2,Clic5,Myl6,Rin2,Gm10717,Pkp2,Cd81,Icam1,Sema3e,Myl12a,Nsun4,Arhgap44,9930111J21Rik2,Cavin2,Scnn1a,Pdlim2,Npnt,Tfdp2,Laptm4a,Nkx2-1,Sema3b,Lhfp,Ece1,Sirt2,Zfp36l1,Gm21738,Gm10801,Tsc2,Ctnnd1,Cldn3,Gm10800,Stard13,Nectin2,4930523C07Rik,Il10rb,Agrn,Gm18588,Ajuba,Wls,Myl12b,Osbpl9,Piezo1,Vamp8,Hdac5,Anxa5,Jup,Col4a2,Tax1bp3,Ccnd3,Ano1,Osbpl5,,,,,,,,,,,,,,,,,,,,,,,,,,,,,,,,,,,,,,,,,,,,,,,,,,,,,,,,,,,,,,,,,,,,,,,,,,,,,,,,,,,,,,,,,,,,,,,,,,,,,,,,,,,,,,,,,,,,,,,,,,,,,,,,,,,,,,,,,,,,,,,,,,,,,,,,,,,,,,,,,,,,,,,,,,,,,,,,,,,,,,,,,,,,,,,,,,,,,,,,,,,,,,,,,,,,,,,,,,,,,,,,,,,,,,,,,,,,,,,,,,,,,,,,,,,,,,,,,,,,,,,,,,,,,,,,,,,,,,,,,,,,,,,,,,,
Cluster 4,Cd177,Tbc1d24,C5ar2,Ugt1a6b,Trpv6,St6galnac3,Pcdhgc3,Xdh,Ace2,Nod1,Szt2,Kcnc3,Tmx4,Atp13a4,Pisd-ps1,Slc25a37,Pcdhgc4,Akap7,Ciita,Aass,Itga7,Pros1,Mylk,Tspan11,Rbms3,Bex2,Rab27a,Gm11942,Lcn2,Zfp467,Tgoln1,Gm10073,Trf,Filip1,Slc15a2,H2-DMb1,St6galnac4,Snx29,Gm2a,Urah,H2-DMa,Cyp2f2,Cracr2a,Pla2g16,Inhbb,Slc7a4,Cox8a,AC149090.1,Ptgs1,Kif13a,Slc26a9,Vcpkmt,Tmem50b,Eif4a2,H2-T23,H6pd,Scamp1,Gm12505,Cebpa,Tnfsf13,Hsp90b1,Met,Pde7b,,,,,,,,,,,,,,,,,,,,,,,,,,,,,,,,,,,,,,,,,,,,,,,,,,,,,,,,,,,,,,,,,,,,,,,,,,,,,,,,,,,,,,,,,,,,,,,,,,,,,,,,,,,,,,,,,,,,,,,,,,,,,,,,,,,,,,,,,,,,,,,,,,,,,,,,,,,,,,,,,,,,,,,,,,,,,,,,,,,,,,,,,,,,,,,,,,,,,,,,,,,,,,,,,,,,,,,,,,,,,,,,,,,,,,,,,,,,,,,,,,,,,,,,,,,,,,,,,,,,,,,,,,,,,,,,,,,,,,,,,,,,,,,,,,,,,,,,,,,,,,,,,,,,,,,,,,,,,,,,,,,,,,,,,,,,,,,,,,,,,,,,,,,,,,,,,,,,,,,,,,,,,,,,,,,,,,,,,,,,,,,,,,,,,,,,,,,,,,,,,,,,,,,,,,,,,,,,,,,,,,,,,,,,,,,,,,,,,
Cluster 5,Slc4a11,Il23a,Rrad,Tnf,Abtb2,Lif,Tnfrsf11b,Tigit,Dusp10,Ntm,Trim15,Tm4sf1,Chac1,Creb5,5031415H12Rik,Cxcl1,Mcpt8,Trp53inp1,Abcg1,Mapk11,Klhl2,Il24,Zfand2a,Tspan5,Ddit3,Ascc3,Sgms2,Grpel2,Gdf15,Dennd2c,Ly6a,Slc9a4,Asns,Ets1,Ugcg,Gcnt2,Rnf19b,Pvt1,3110043O21Rik,Cln8,Hmces,Maff,Tnfaip3,Prkx,Tgfa,Pxdc1,Cdk17,Slc1a4,Arid5a,Cldn4,Iars,Ptgs2,Relb,Mxd1,Ppp1r13l,Btg1,Slc38a2,Sema7a,Smcr8,Cwh43,Aaed1,B930095G15Rik,Pvr,Fbxo30,Zdhhc5,Chrnb1,Rhbdf2,Fam50a,Cxcl16,Itga2,Hs3st1,Trib1,Tgif1,B3gnt2,Rdh10,Rhob,Gm28048,Chmp4c,Chic2,Klf6,Bcl10,2610035D17Rik,Gm10157,Cars,Bax,Agap1,Llph-ps2,Otud4,Prkca,AI413582,Procr,9930111J21Rik1,Fam83g,Ocln,1810013L24Rik,Otud7b,Actn1,Gtpbp4,Nars,Pik3c2a,Vps37b,Cdkn1a,Med13l,Mdm2,Trp53,Klc1,Cxadr,Sgpl1,Ptrh1,Arid3b,Sars,Btbd10,2900026A02Rik,Galnt3,Coq10b,Fgd6,Mafk,Ddit4,Mier1,Tsc22d2,Stam,Fdx1l,Hgs,Sbf2,Pdlim5,Fam96b,Itga3,Mpzl3,Wnt7b,Mob3a,Atp2b1,Slk,Map2k4,Ier3,Ets2,Erdr1,Slc7a1,Llph,Aff4,Kdm6b,Cdcp1,Ddx21,Utp14a,Irf6,Krt8-ps,Smndc1,Itgav,Tnfrsf23,Efna5,Ptbp3,Usp6nl,Kctd13,Malt1,Stk17b,Ptpn23,Rap2b,Lad1,Abt1,Nfkb2,Sertad2,Sh3d19,Tnfrsf10b,Nras,Wipf2,Ubr2,Cyth2,Ankrd12,Mapk6,Slc6a9,Cldn7,Trip10,Mnt,Tead1,Kif5b,Atf5,Cep120,Ccnl1,Esyt2,Rhbdf1,Gmeb1,Ppp4r3b,Prrg4,Ago2,Utrn,Atxn1,Gm7809,Poldip3,Gm42899,Src,Ahctf1,Areg,Tuft1,Zfp57,Pdpk1,Grk2,Atp6v0b,Cd2ap,Leprotl1,Flnb,Pip5k1a,Osbpl3,Mak16,Smim15,Fam69a,4931406P16Rik,BC016579,Spag9,Sh2d1b1,Ints12,Crtc2,Ercc1,Togaram1,Gm37401,Sqstm1,Cdc42ep1,Tmem184b,Rusc2,Cpsf7,Slc25a19,Psmd8,Rnf19a,St13,Ddx54,Rab1a,Syf2,Rbms1,Ube2b,Manba,Brd4,Appl1,Mafg,Kdm5c,Ammecr1l,Smox,Gm9892,Cdv3,Myc,Fbxw11,Serinc1,Mrpl38,Adm2,Samd5,Arhgap26,Fhl2,Brd2,Cdc42bpb,Fam13b,Apba3,Clu,Pdcd2,Mpp5,Tnip1,Ccdc22,Stx11,Rc3h1,Ggps1,Rabgef1,Heatr5a,Arpc5,Gm14253,Eif2s2,Tjp2,Tars,Eif1,Wasf2,Atf4,Rictor,St14,Krt23,Atp6ap2,Sfn,Krt18,Smg1,Rela,Fzd5,Pogk,Slc3a2,Ube2d3,Fosl2,2810403A07Rik,Tsg101-ps,AC160980.1,Cct2,Krt80,Ccng2,Kbtbd2,Comtd1,Tpd52l2,Txndc9,Gm13050,Trmt10c,Rab6a,Arl8a,March7,Actr2,Akirin1,Smg7,Mindy3,Eea1,Neat1,Zfp7,Pdcl3,Tnfrsf26,Lrrc8a,Gng5,Yars,Rhoa,Ctnna1,Vps35,Actg-ps1,Rasa2,Etf1,Eif5,Tnip3,Tnfrsf12a,Junb,Slc25a25,Rnf44,Krt8,Pwp2,Wnt7a,Aars,Dnajb6,Afdn,Hspa8,Vmp1,Klf7,Ezr,Tsg101,Hspa9,Atg101,Eif3g,Trib3,Eif3a,Chd1,Tmf1,Rab7,Nrbp1,Wdr36,Ghitm,Perp,Furin,Mat2a,2410006H16Rik,Tpm1,Cycs,Ubald2,Klf11,Wipi2,Eif6,Rabggtb,Fnbp1l,Sbno1,F11r,Prmt2,Pls3,Dusp16,Nfe2l1,Polk,Cltc,Npepps,Eef2,Hnrnpk,Ncoa2,Trappc4,Cdc42,Vps26a,Lasp1,Rack1,Dusp3,Plcd3,Pak1ip1,Rlim,Eif4g2,Naa15,Adgrl2,Cast,Tecpr1,Ubxn6,Eps15,Picalm,H3f3b,Dph3,Tcf20,Map3k20,Hsp90ab1,Tbrg1,Zfand5,Mea1,Stub1,Actb,Crb3,Anxa3,Lgals3,Epcam,Cct4,Gm6210,Ndrg1,Gm19680,Anxa7,Snrnp48,Hagh,Fam107b,Bcr,Frg1,Plscr1,,,,,,,,,,,,,,,,,,,,,,,,,,,,,,,,,,,,,,,,,,,,,,,,,,,,,,,,,,,,,,,,,,,,,,,,,,,,,,,,,,,,,,,,,,,,,,
Cluster 6,Syt16,Hbb-bt,Cysrt1,Lrrc26,Alpi,Zfp991,Dpcr1,Hba-a1,Hba-a2,Slc45a3,Hbb-bs,Kremen2,Adm,Iyd,Fxyd4,Rn7sk,Ttc39a,Epgn,Cfap45,Gm44275,Fam83e,Pbp2,Aldh1a1,Gm5987,Ptger1,Lypd6b,AC154572.2,Ablim1,Gm6311,Tnfrsf1b,Rps2-ps13,Atrnl1,Gm44274,Phgr1,Dclk1,Kiss1r,Rps2-ps6,2500002B13Rik,Rfx2,Gstp2,Trim12c,Oas1g,Degs2,Pag1,Hsd17b11,Efhd2,Fam46c,AI661453,Atp2c2,Homer2,Gm6139,Mybpc2,Zfp974,Crybg3,Kcnq1,Rab17,Gda,Lipe,Klhl20,Arrb1,Celsr2,Ereg,B4gat1,Trove2,Pmaip1,Gale,Gm10179,Enpp4,B3gnt7,Gm15217,Nbl1,Gpt2,Eya1,Dgka,Jak3,Arrdc3,Thpo,Noct,Eva1c,Ldha-ps2,Mtus1,Dagla,Rhof,Pcsk6,Ccnc,Cep104,Mst1r,Tns4,Tpcn2,Gpat3,Ethe1,Adamtsl4,Gm5864,Gm37024,Syt8,Fxyd3,Unc45a,Itpripl2,Usp38,Ank1,Thbs1,Paqr8,Farp2,Bcl3,Svip,Mfn2,Armc9,Gm18180,Lipo3,Gm14760,Ly6d,B430010I23Rik,Cyld,Sytl2,Dyrk3,Cyp4b1,Rasef,Setbp1,Kdm4c,Gldc,Atf6,Enpp5,Pfkp,Gm44752,Rnf186,Pik3c2b,Psen2,Gm5786,Uhmk1,Gpr137,Dok4,Oas1a,Vps13a,Fhl1,Tpm2,Mbp,Tnni2,Spata13,Gm26809,Vamp3,Vsig10,Hspa1b,Nr2f2,Eml3,Slc23a3,Larp1b,Cracr2b,Ttll7,Gpd2,Slc35d1,B3gat3,Got1,Pof1b,Parp9,Mal2,Nsmaf,Gcnt4,Kcne3,Ttc7,Hk1,Zdhhc18,Usp25,Sorbs3,Prkacb,Oma1,Ogfod1,Pxk,Herc2,Metrnl,Sntb2,Tmem30b,Slc5a5,1700047I17Rik2,Sox13,Fem1a,Sh3bp4,Tmprss2,Ticam1,B3gnt3,Hps5,Zfp53,Hif1an,Lrp5,Rab27b,Ak3,Ankrd37,Lnx1,Msra,Cbarp,Mgat5,Borcs8,Rubcn,Eloa,Ttc39b,Cnst,Plekha7,Mlph,Sh2b3,Osmr,Stat1,Wdr11,Med25,Acer3,Gm2606,Gsto1,Ero1l,Qsox1,Lrba,Ifnlr1,Rundc1,Efcab14,Sh3rf2,Shtn1,Pcolce,Paqr4,Gm37949,Pomgnt1,Spire2,Usp24,Plxna2,Celsr1,Rnf40,Kctd14,Lmtk2,Ostm1,Uevld,Serinc2,Map3k11,Uggt1,Cog7,Ikzf5,Sphk2,Man2a2,Ppp1r12b,Gjb5,Tnfrsf21,Mark2,Rbl2,Gm43011,Coro2a,Prr14,Xlr3a,Ripk4,Cyp2s1,Gm15487,Ocel1,Atg9a,Clcn3,Fam25c,Eef2k,Lcor,Rab4b,Il4ra,Gm11814,Rnpepl1,Bcat2,Gpatch2,Hectd3,Btaf1,Atp10d,Ablim3,Ppp1r12c,Far1,Ell,Gm38244,Lrch4,Tnrc18,Ptprj,Trim8,Cavin3,Ceacam1,Irf9,Igf2r,Kpna1,Acadsb,Pcx,Dyrk1b,Megf6,Srcap,Gm5507,Cpne3,2210011C24Rik,Usf3,Agtrap,Pkp3,Tmem2,Tmem238,Rnf141,Rhog,Fam160a2,Nhlrc2,Atp6v1a,Sipa1l3,Gm12671,Rpl9-ps4,Epn1,Tmem126a,Fut2,Nek7,C130074G19Rik,Adamtsl5,Cyfip1,Cr1l,Hddc3,Mecom,Micu1,Pitpnm1,Ldha,Nupl1,Gm5526,B230216N24Rik,9330162G02Rik,Samd9l,Cx3cl1,Sigirr,AI314180,Sdccag8,Gtf3c1,Adrb2,Arhgap32,Hspa4l,Irs1,Atg3,Coa5,Mtmr9,Dopey2,Cd55,Lman2l,Ppp1r15b,Il18rap,Stk11ip,Lacc1,Mvp,Ints4,Hid1,Mthfr,Senp2,Ostf1,Tbc1d15,Trappc2l,Usp47,Sik1,Slc37a1,Phf11d,Spcs3,Endod1,Hacd2,Rps2-ps10,Dock1,Myo1d,AA467197,Ralbp1,Lurap1l,Arhgap40,Rab3gap1,Nr1h2,Snx15,Appl2,Lbhd1,Nabp1,Slc15a4,Rhobtb2,Cc2d1b,Fbrs,Nars2,Elmo3,Acsl1,Bcar3,Rraga,Fndc3a,Sgms1,Zc2hc1a,Ankzf1,Sft2d2,Dubr,Kmt2b,Tns1,Vps13d,Tbc1d2,Plcb3,Adam9,Synj1,Wwp2,Stim2,Shc1,Stim1,Lamtor3,Vps33b,Slc9a1,Gm28043,Fat1,Eps8l1,Dnajc14,AC117226.2,Ifngr2,Rfk,Akt2,Pgap1,Cnksr1,Elf3,Gm6768,Aldoart1,Gk,Rab25,Arpin,Hspa1a,Med15,Abhd17c,Tubgcp5,Atl2,Ccdc85b,Apbb1,Nagpa,Tm6sf2,Slc4a3,Gm5276,Parva,Nab1,Klhl21,Pam,Myadm,Anxa11,Tomm40l,Bbip1,Twsg1,Lnpep,Slmap,Mia3,Fam20b,Dnajc3,Eya3,Atoh8,Plekhf1,Slc35f5,Gm12537,Naaa,Gm4575,Esco1,Pwwp2b,Nadk,Alg1,Kmt2e,Ptpn13,Klc4,Tor3a,C1galt1,Zc3h7a,Tm2d2,Crybg1,5730559C18Rik,Plekhb2,Rnf31,Vps4b,Gprc5b,Epha4,Zfp110,Nt5e,Abcb10,Exoc8,Gm4366,Tor4a,Slc25a44,Mta2,Tanc1,Sh3bgrl2,Esrp2,Sh2d4a,Tjp1,Clip1,Eogt,Mbnl1,Cib1,Wsb2,Dnajb14,Tlr4,Cdc42bpa,Dock5,Gm5884,Zfp617,Cdc37l1,Rpl30-ps9,Tmem168,Inppl1,Hcfc1r1,Smpd3,Tmc4,Fadd,Slc2a1,Kdf1,Dedd,Patj,Phf24,Cradd,Pak2,Fam45a,Tmem167b,Ffar4,Zyx,Gstp-ps,Tfcp2l1
Cluster 7,Neil3,Knl1,Aurkb,Hist2h3b,Pbk,Nusap1,Pclaf,Ska1,Eme1,Oip5,Esco2,Ankle1,Melk,Mis18bp1,Gen1,Rrm2,Rad51ap1,Mxd3,Gm15428,Top2a,Exo1,Efcab11,Brca1,Cdca2,Hist1h3b,Fignl1,Shcbp1,C330021F23Rik,Sgo1,Pole,Birc5,Gtse1,Cenpk,Troap,Hmmr,Ckap2l,Ccna2,Kntc1,Depdc1a,Ncapg,Cenpe,Clspn,Traip,Brip1,Ticrr,Mns1,Kif11,Bub1,Mybl2,Spag5,Hist2h3c2,Rad51,Nsl1,Cdc6,Kif20b,Plk4,Aunip,Fbxo5,Kif4,Kif2c,Ercc6l,Lockd,Cenpm,Parpbp,Plk1,2700099C18Rik,Cdca8,Dtl,Kif20a,Dscc1,Nuf2,Nek2,Spc24,Ccnb1,Iqgap3,Hist1h2ak,Slfn9,Ckap2,Arhgef39,Ccnf,Zfp473,Kifc5b,Cdc25c,Ncapg2,Cdc7,Gas2l3,Mcm8,Aspm,Lrr1,Xkr5,Cep128,Dna2,Cdca3,Polq,Ttk,Fam83d,Cdk1,Nmral1,Sapcd2,Hist1h2af,Mcm10,Tpx2,Mki67,Dlgap5,Spc25,Anln,Kif14,Cenpu,Ube2c,Kif18b,Ccne1,Cenpw,E2f7,Cenpn,Hist1h1b,E2f8,Cdca5,C330027C09Rik,Gm13237,Timeless,Cit,Ddias,Kif15,Ska3,Tacc3,Kifc1,Ccne2,Bub1b,Pif1,Bard1,Aurka,Ndc80,Fancd2,Cenpf,Hist1h2ao,Cenpi,Cenpp,Racgap1,Pole2,Sgo2a,Hist1h3i,Ube2t,Ncapd2,Cenpa,Hist1h3c,Ccnb2,Rad54l,Gins1,CT030166.6,2810429I04Rik,Mastl,Tcf19,Ccnb1-ps,Cdc20,Atad2,Gm10182,Hist1h2ab,Palb2,Stil,Gm42893,Gm42047,Incenp,Chek1,Atad5,Psrc1,Orc1,Gmnn,Prr11,Skp2,Omd,Dbf4,Prim1,BC055324,Hmgn2-ps1,Ect2,Ulbp1,4933404O12Rik,Gm44521,Wdr62,Recql4,Pimreg,Knstrn,Gins3,Wdhd1,Cep55,Nup210,Hist1h2ap,Kif22,Brca2,Haus5,Espl1,Fanca,Nrm,Blm,Prc1,Psmc3ip,Asf1b,Hist1h3f,AC139754.2,Tube1,Haspin,Sass6,Csrp2,Snord17,Galntl6,Rmi2,Gm12856,Fanci,Ncaph,Kif18a,2610318N02Rik,Rad54b,Gm7390,Zwilch,Cdkn3,Mcm5,Tbc1d31,Arhgap19,Trip13,Bora,Pask,Hist1h1e,Cep135,1700066B19Rik,Chtf18,Rad51c,Cenpj,Tk1,Foxm1,Cdca7l,Cenph,Wdr86,Uhrf1,Rfc5,Eldr,Xrcc2,Dnph1,Gm11223,Kif24,Apitd1,Hist1h4i,Cenpq,Cep57l1,Cntd1,Ska2,Ccdc85c,Smc2,Syce2,Ncapd3,Terf1,Gm15452,Ccdc18,Lig1,Qrsl1,Rfc4,AC099934.7,Zfp808,Bcl11b,Cdc45,Tyms,Lin9,Mms22l,Hist1h4d,Tex9,Gm35315,Kbtbd6,Hirip3,Trim59,Hells,Chaf1b,Ccdc138,Itgb3bp,Fam111a,Phf19,G2e3,Ndc1,AC153546.1,Pkmyt1,Chaf1a,Eri2,Rtn4ip1,Plch1,Mcm3,Cnga1,Pcna-ps2,Zfp101,Pold1,H2afx,Dhrs13,Zfp41,Spdl1,Hmgb1-ps7,Cep192,Ttf2,4930427A07Rik,4930579G24Rik,Zgrf1,Rbl1,Recql,Wdr76,Tdp1,Mad2l1,Ezh2,Gm5518,Chd3os,Dhfr,Cdh24,Lmnb2,Slc22a1,Arhgap11a,Nemp1,Gemin6,Mrnip,AC099934.3,Zfp958,Gm10074,Rnaseh2b,E2f3,Gm42031,Fancb,Tmpo,Dnaaf2,Gpr19,Mutyh,Zfp13,D130017N08Rik,Dsn1,Ttr,Helq,Fam26f,Rdh11,Fen1,Fgf9,Mtbp,Oscp1,Pidd1,Enkd1,CT030173.1,Nup37,Pms2,Mbd4,Zranb3,Mdc1,Usp1,Pmf1,Rrm1,Tnfrsf18,Pola1,Nup43,Slc38a1,Anapc15,Ccdc77,Ankrd26,Cep112,Wdr31,Hist1h2bg,Hmgb2,Mphosph9,Zswim3,Dnajc9,Gm26563,Gm5648,Dnmt1,Rtel1,Pola2,Rpa2,Chn2,Nt5dc2,Gm4767,Mis18a,Slc7a9,Zcwpw1,Sars2,Pkdcc,Cenpl,Poc1a,Siah1b,Morn4,Zfp763,Cep76,Cdt1,Nasp,Topbp1,Mcm2,Srbd1,Cntrob,Neurl1b,Rpusd2,Gm26880,Tfdp1,Nbn,1700049E15Rik,Umps,Lmnb1,Faap24,Ccdc14,Mcm6,Ckap5,Alg8,Wdr90,Dars2,Cep295,Cmss1,Kdm8,Mtrf1,Tm4sf20,Gm5853,Sgk3,Diaph3,Nsd2,Gm11914,Mmachc,Gcat,Sco1,Npm3,Nup35,Haus3,Tmem107,Rnf219,Ipp,Fbxo45,Abhd10,Dcp2,Mis12,Trmt5,Msh6,Mnd1,Mtfp1,Nup107,Rbbp8,Mre11a,Dck,Dffb,Gm9826,Vrk1,Platr25,Qsox2,Gkn3,Cep152,Kif23,Pms1,Zfp367,Fancm,Prom1,Mgme1,Tmem186,Mia,Smc4,Nup160,Bcl7a,Dph5,Exosc2,Smc6,Xrcc3,Inip,Rrp1b,2310022A10Rik,Rif1,Cdk5rap1,Zc3hav1l,Nup205,Mindy4,Hmgb1-ps2,Hat1,Slf1,Ckap4,Cc2d2a,Mdk,Fzd2,Larp7,Ung,Cks2,Ddx11,Sfmbt1,Ube2s,Ppp1r1b,Kdelc1,Acer2,Tmem253,Tubb4b-ps1,Mcm7,Dusp19,Tmem97,Dclre1a,Urb2,Ndufaf6,Fam185a,9430015G10Rik,Smchd1,Gm10184,Utp23,Gm20604,Stmn1,Wdr35,Cyp4f40,Kpna2,Irak1bp1,Nudcd2,Nup85,Gm1866
Cluster 8,Prtg,Cyp1b1,Cldn1,Adamts6,Arg1,Rasd2,Smim24,Adh1,Gdpd2,Scara5,Mir99ahg,Gc,Gm44814,Rassf10,Acox2,Myo7a,Gm4117,Tert,Atp8a2,Epb41l4aos,Ubxn11,Fmo2,Rgl3,Entpd3,A530020G20Rik,AC124413.2,Ros1,Ndufaf1,Ryr3,Slc25a45,Vwa1,Sema4g,Gm44597,Dapk1,Syne1,Olfr648,Mccc1,Csad,AC154176.2,5430434F05Rik,Rnf135,Phkg2,Sh2b1,Ppfibp2,Nr1h3,Thrb,Ypel2,Flcn,Tmeff2,Cideb,Msrb2,Kifc2,Zfp691,Rtl1,Dtx3,Pik3r3,Zfas1,AI464131,Slc35c2,Heatr1,Myh13,Mirg,Helz,Dmkn,Dnajc18,Wdfy3,Gpd1,Zfp385b,Gm44951,Maob,Gjb1,Letmd1,Acrbp,Zkscan3,Ccdc189,Wdr91,AC165273.1,A2ml1,Smpd2,Cd83,Rgl2,Elf5,Csf2rb,Harbi1,Zfp629,Bcl9l,Gm26945,Bambi,Creld1,Arap1,Igfbp5,Gzf1,Itpr2,Prrt1,Atp8b1,Bpifa1,Brat1,Echdc3,Parp11,Ambra1,Maml3,Acss1,Prr36,Rassf9,Rsf1,Shank2,Capn1,Fat2,Ints6l,Zbtb20,Gm20342,Fcgrt,Sec24d,Txnip,Prepl,Bmf,Pbld2,Rab11fip3,Entpd7,Tmem150b,Rab19,Zbtb24,Rfxank,Hmbox1,Gm27000,Gm20463,Hhat,Papss2,Parm1,Mdm4,Unc119,Akr1b10,Fahd1,Ugt1a6a,Ppp1r9a,Tet2,Senp7,Cybrd1,Atg14,Ppp1r3c,Pcca,Surf1,Tug1,Swt1,Mmgt2,Vsig10l,Aldh4a1,Spaar,Shprh,Rnf167,Rerg,Marcksl1-ps4,Amigo3,Stx19,Ubn2,Fam178b,Pex13,Rsph3b,Ing4,Rapgef5,Ggcx,Phf21a,Arid4b,Slc46a1,Ttc3,Zfyve1,Prss8,Ugp2,Kmt2d,Cat,Uhrf1bp1l,Lztr1,Gas6,Ep300,Usp40,Adam22,Fam84b,Tspyl1,Gm45062,Stx17,Mbd6,Ift140,Cul9,Pdk2,Yipf2,Thap2,Amacr,Slc2a4rg-ps,4833420G17Rik,Gm43637,Pdrg1,Tprn,Ddah2,Cited2,Rrnad1,5830417I10Rik,Zfp704,Tst,Apob,Pde4dip,Kdm2b,Smpdl3a,Pla2g1b,Zfp398,Akr1c19,Fam13a,Lrrc14,Trim44,Sfi1,Trmt1,Slc44a3,Rpap2,Rmdn2,Plekha5,Kcnq1ot1,Zscan26,Dpp4,Tm7sf3,Jmjd1c,Tet3,Mocs1,Tspan12,Atat1,Mapkbp1,Ccdc125,Alb,Slc23a1,Apoe,Mertk,Il4i1,Lce3f,Chd9,Bcl2a1b,Trrap,Tmem131l,Hadh,Sfxn2,Meg3,Uckl1,Hpn,Dgat2,Glcci1,Surf2,Zfp950,Selenop,Zmym6,Polr3gl,Thsd1,Gstm1,Spcs2,Zfp652,Echdc2,Mettl17,Mbd5,Pdcd4,1810043G02Rik,Cacfd1,Rorc,Atf7,Plcg1,Gaa,Gys1,Pyurf,Tle2,Tm9sf4,Rabgap1l,Slc18b1,Smyd3,Vipr2,Hdhd3,Gstt3,Klhl3,Supt20,Gm37549,Etfrf1,Sharpin,Etv1,Elmo1,Nucb2,Acaa2,Gm44187,Rbm26,Trim46,Scgb3a2,Gas5,Pgpep1,Tmem263,Rabgap1,Nrep,Gm37969,Gm43481,Nelfb,Prpf40b,Ap1g2,Rdx,D630045J12Rik,Grcc10,Med12,2610005L07Rik,Acin1,St3gal6,Gnpat,Mtss1,Casp6,Pcbd1,Mboat7,Dync2li1,Slc12a2,Stbd1,Pcgf2,Ddhd2,2810013P06Rik,Dock4,Rpl39-ps,Klk13,Atxn2,Med23,Dnase2a,Tmem170,Gm15261,Il1rap,Ctsa,Ndor1,Akr7a5,Tbc1d14,Rnf5,Zfp113,Tle3,Fbxo18,Sorcs2,AC156572.1,Ubr1,Zgpat,Spred1,Fras1,Kdm5a,Gnptab,Luc7l,Tmem230,Wnk4,Rbm5,Fgfr2,Gm6863,Arhgap39,Pcmtd2,Tspan9,Hibadh,Jmjd7,Ifnar1,Tnrc6a,Uros,Stambpl1,Zfp512b,Eef1b2,Tmed4,Ech1,Pld3,Tmem181b-ps,Pon3,mt-Co2,St5,Tnrc6b,Itch,A230050P20Rik,Eif4b,Atp2a3,Prpf6,Pabpc1,Bicra,Uqcc3,Npdc1,Cabin1,Mink1,Ash1l,Dynlt1b,Dnajc1,Tmem127,Arl1,Mgst1,Ski,Deptor,Pigl,Serf2,Pigb,Gstt1,Rps28,Abcc10,Zfp263,Slc5a3,Glyr1,Igsf9,,,,,,,,,,,,,,,,,,,,,,,,,,,,,,,,,,,,,,,,,,,,,,,,,,,,,,,,,,,,,,,,,,,,,,,,,,,,,,,,,,,,,,,,,,,,,,,,,,,,,,,,,,,,,
Cluster 9,AC156273.3,Gm6977,Gm13226,Tpt1-ps5,AC158620.2,Gm7434,Rps8-ps1,Rps15a-ps3,Gm26377,AC163038.3,Gm8624,Mir703,Gm10320,Gm37108,Gm14323,Gm11539,Gm29257,CT025555.1,Gm5075,Gm11263,Gm6520,Rps4x-ps,Gm7290,CT009486.1,AC126687.1,Gadl1,Gm15013,Rpsa-ps11,Fam221b,Gm12816,Rpl21-ps10,Rps15-ps2,Rps6-ps1,Tpt1-ps6,Gm9396,Rpl18a-ps1,Rpsa-ps4,Gm5529,Rps19-ps2,Gm6807,Gm5879,Gm26619,AC126799.2,Rpl13-ps3,Gm10036,Gm10136,Gm44510,Gm5451,Rps11-ps1,Gm9104,Rps23-ps2,Gm13268,AC100406.3,Gm8451,Gm14438,Gm5835,Gm9493,Rps19-ps7,Olfr77,Gm5905,Rpl5-ps1,Rpl36a-ps3,Gm10269,Gm11353,Rpl6l,Rpl10-ps5,Gm12254,Rpl3-ps2,Ftl1-ps2,Gm14414,Gm13680,Gm15590,Rpl19-ps1,Gm11478,Gm9294,Rpl18-ps1,Rpl28-ps3,Rps10-ps1,Rpl17-ps10,AC124744.2,Gm7027,Gm5805,Gm13436,Rps15a-ps5,Gm15772,Gm6170,Gm13611,Rps19-ps6,Rpl5-ps2,AC147029.1,Gm13408,Gm12350,Gm8430,Gm42845,Gm5560,Rpl18-ps2,Gm21399,Gm7204,Rps25-ps1,Rps3a2,Rps10-ps2,Rpl17-ps5,Rps15a-ps7,Gm2225,Gm5851,Gm5148,AC110377.1,Rps3a3,Gm5822,Gm6204,Oaz1-ps,Pdcd5-ps,Gm15710,Rpl30-ps10,Rpl19-ps11,Gm14586,Rpl17-ps8,Gm6767,Gm15427,AL607105.1,Rpl21-ps8,Wdr89,Rps7,Gm7730,Gm10288,Ftl1-ps1,Rpl17,Gm11703,AC159818.1,Rpl11,Gm15501,Gm6274,Gm3531,Rps12,Rpl10a-ps1,Rps12-ps3,Rpl38-ps2,Gm10260,Rpl14-ps1,Rps24-ps3,Rpl32,Rps8,Rps20,Tmsb4x,Rpl10-ps3,Rpl18,Rpl14,Rps23,Gm7536,Gm10163,Fau,Rpl24,Rps6,Rpl13a,Gm10250,Rps19,Ftl1,Rpl10,Rpl4,Gm43028,Rpl19,Rps6-ps4,Rplp0,Rpl23,Rpl9-ps7,Rpl27a,Gm10275,Gm7331,Rps27a,Rpl38,Rps9,Rplp2,Rps26-ps1,Rps23-ps1,Rpl3-ps1,Rpl9-ps6,Rps15a,Rps4x,Rpl18a,Gm9385,Rpl13,Rpl26,Rpl27-ps3,Atp6v1g1,Rpl6,Tpt1,Rps3,Rpl21,Rps16,Tpt1-ps3,Rpl41,Rpl10a,Rps13,Fth1,Gm6136,Rpl39,Rps14,Gm15500,Rps12l1,Gm9794,Gm10240,Rpl28,Rps5,Rpl3,Rps17,Gm4294,Rpl12,Gm4332,Uba52,Rpl7-ps7,Rpl36a,Gm13370,Gm11808,Gm11518,Rps16-ps2,Rpl36a-ps2,Rps10,Gm8566,Rps15,Gm12918,Rpl22,Gstm2-ps1,Eif3f,Rps18,Rpl28-ps1,Rpl23a-ps3,Rpl23a,Eef1a1,Rps27a-ps2,Rplp1,Gabarap,Gm12174,Gm9843,Rps11,Rpl9,Rps25,Rpl35a,Rpl5,Rps26,Rpl27,Btf3,Cox7a2l,Gm2000,Naca,Gm10076,CT010467.1,Rpsa-ps10,Rps2,,,,,,,,,,,,,,,,,,,,,,,,,,,,,,,,,,,,,,,,,,,,,,,,,,,,,,,,,,,,,,,,,,,,,,,,,,,,,,,,,,,,,,,,,,,,,,,,,,,,,,,,,,,,,,,,,,,,,,,,,,,,,,,,,,,,,,,,,,,,,,,,,,,,,,,,,,,,,,,,,,,,,,,,,,,,,,,,,,,,,,,,,,,,,,,,,,,,,,,,,,,,,,,,,,,,,,,,,,,,,,,,,,,,,,,,,,,,,,,,,,,,,,,,,,,,
Cluster 10,Upk1b,Hcrtr1,Gkn1,Tfap2b,Pnp2,Drd4,Fxyd2,Gm42788,Rnf222,Gm2694,D930028M14Rik,Kcnu1,Cbln3,Ccdc88b,Slc22a4,Adamts18,Myo15b,Hpx,Gm15199,Mettl7b,Aim2,Rnf180,Sall1,Fxyd6,Zan,Tsku,Hsd17b2,Lman1l,Dusp9,Cfap52,Cers3,Scel,Gm3776,Cdhr2,Fam49a,Gm9908,Gsta1,Pyroxd2,Med12l,Gm4610,Slc18a1,Hecw1,Gm43126,Man1c1,Il18,Fam167a,Gm26908,Gm29340,Slamf9,Mctp1,Gcom1,Scn8a,Padi4,Crygn,Gm37326,Dysf,Bst1,Gm19705,Gm12892,Star,Parp16,Sept4,Atg4a,1500011B03Rik,Ankdd1b,9530053A07Rik,Evpl,Ppp2r3a,Gzme,Bcas1,Wfs1,Gcnt1,Rxrg,D830050J10Rik,Snhg11,4921507P07Rik,Fcmr,Sgce,Sgsh,Upk1a,AL591207.3,Herc3,2900005J15Rik,Rassf4,Hps1,Bmp3,Irf8,Ly6g6e,Hexdc,Syap1,Nudt7,1190005I06Rik,Hsd17b14,Tmc8,Ppp1r36,Orai1,Rab13,Hpgds,Adtrp,Gm9847,Slc15a1,Tmem171,Trim23,Rab24,4833418N02Rik,Arsg,Gcnt3,Sugct,E330009J07Rik,Slc25a47,AC124426.5,Myzap,Coro6,Borcs5,Tceanc,Gm26581,Tmem136,Cdk18,Mtm1,Arhgap27os1,Gm16531,Ndrg4,Arhgap6,Gm10825,Gch1,Pparg,Pink1,Pid1,Emc9,Naip2,Rcan3,Smpd5,Xpc,Nudt18,Ocrl,Tcta,Acy3,Cyp3a13,Cog3,Mkrn2os,D5Ertd579e,Rab3b,Perm1,AC121094.1,Gm15512,Unc13c,Fam3a,Chdh,Srxn1,Klhdc8a,Plekhh1,Cacna1h,Ero1lb,Eif2s3y,Crct1,Atg4a-ps,Taz,Agfg2,Gm37422,Mycbp2,Spns2,Chmp7,Mpzl2,Cmbl,G6pdx,Amd2,Jade3,Shroom2,Sh3tc1,Ddah1,Atg10,C230014O12Rik,2610306M01Rik,Slc35e3,Akt3,Slc35g2,Clptm1l,Aldh3b1,Nudt16,Ankrd13d,Firre,Irak3,Tbce,Fbxl4,Paqr5,Dcaf4,Acbd4,Il17rd,Anxa9,Gm13420,Zfp787,Zfp185,Ofd1,Pkhd1,Igfals,Smtnl2,Tmem55b,Slc31a2,Pcsk7,Gstm6,Raet1e,Atg7,Dock6,Cldn6,Plau,Htatip2,Ice1,Madd,Gm15706,Gstm7,Pde4b,Crybg2,Bicdl2,Phka2,Dhx40,Chic1,Gpalpp1,Tmem117,Sdr42e1,Dusp7,5730480H06Rik,Tbc1d7,Ralgps2,Kank3,Dhrs1,Sytl5,Tmem203,Gja3,Rnf123,Slc17a5,Xrn1,Entpd4b,Ormdl3,Zfp622,Gmds,Pithd1,Ttll10,Ddx51,Bin3,Ptcd1,Cyp2j6,Ccnd2,Smagp,Mettl27,Pnp,Akna,Mir22hg,Ahr,Ly6g6c,Stambp,Nek8,8430408G22Rik,Cda,Psd4,Lrrc61,Abcc3,Abhd4,Slc30a5,Zfp316,Vstm5,2210016F16Rik,Tmem139,Entpd4,Lyst,Gm16867,Micu2,Card19,Gkn2,Amdhd2,Hyi,Porcn,Tubb2b,Mtif3,AC154176.1,Cmtm4,Tgm1,Ephx2,2010107G23Rik,Hgsnat,Mboat1,Mfsd13a,Hif3a,Srd5a1,Lrrfip2,Ckb,Trex2,Thap3,Fbxl3,Cgnl1,Nbeal2,Lrrn1,Brap,Cirbp,Slc12a7,2810408A11Rik,Abcd4,Sdccag3,Mapk8,Fbxo31,Snx18,Arhgef11,Plxnb1,Mgmt,Gm19587,Pou6f1,Dbp,Inpp5k,9030622O22Rik,Usp9x,Tenm4,Sel1l3,Ube2j2,Ppcdc,Nckipsd,Sptlc1,Tspan15,Syngr1,Sirt5,Dnah2,Ldlrap1,Plch2,Gm27177,Cutal,Slco2a1,Elk3,Spsb2,Iqsec1,Slc7a11,Gadd45g,Glb1,2310022B05Rik,F8a,Irak1,Soat2,Gng12,Retreg1,Adcy3,Secisbp2,Rab11fip5,Plekhm1,Ap5b1,Gamt,Wdr60,Galnt11,Clcn5,Lrrc8d,Tmem82,Acsl3,Gpd1l,Scand1,Actr8,Tex264,Nprl3,Bicdl1,Pkib,Slc37a3,Caml,Hk2,Hpcal1,Clcn6,Nudt8,Nat6,Hspb8,Abca5,2310039H08Rik,Ulk3,Mkrn2,Amer1,Morc4,Polr3a,Apool,Dnm3,E4f1,Jarid2,Mif4gd,Ccdc71,Thap4,Pnpla8,Tgfbr1,Arhgap27,Dync2h1,Gas7,Nipsnap3b,Tbc1d9b,Plgrkt,Palmd,Deaf1,Kazn,Hdac6,Epha1,Snrk,Fbxo6,Nectin4,Mtmr7,Fam199x,Stoml1,Ahcyl1,Mical1,Il17re,Rnft1,Tmem125,Gm45051,Cd99l2,Inf2,Aoc2,Phf7,Misp,1110012L19Rik,A830080D01Rik,Xiap,Map4k5,Pigg,Pls1,Tgfbr2,Snx22,Inafm1,Erbin,Zfp64,Zxdc,Med30,Rtkn,Il15,Txndc5,Ston1,Ypel3,Gm43110,Gprc5c,Clybl,Rbm3-ps,Myh7,Hsd17b10,Lnx2,Ncmap,Phf1,Scamp2,Osbpl7,Morn1,Gm5855,Tmem41a,Tdg-ps,Slc16a2,Psd3,Ap3b1,Hivep1,Pgap3,Plekhn1,Hspa2,Chpf2,Tnip2,Sestd1,Sh3yl1,Rassf6,Zfyve21,Ccdc120,6330562C20Rik,Gm6851,Tmed9,Hmg20b,Mospd1,Tmem248,Pak1,Mcur1,Dcaf5,Fam213a,Snhg20,Uri1,Zfp90,Atxn1l,Fam20a,Slc35b3,Ccser1,Gosr2,Col8a1,Ctr9,Nudt4,Arhgap8,Cobl,Paxx,Bphl,Slc16a12,Pex11g,Plxna1,Spr-ps1,Cds2,Hgfac,Golga4,Gskip,Rab4a,Vamp2,Tmem254b,Akr1c12,Erich1,Ilvbl,Hs6st1,Trim27,Atraid,Aco1,Reep3,Dock7,Nipal1
Cluster 11,Stmn2,Klhl1,Rgs17,Ifi211,Bmp7,Fam19a5,Zeb2,Dlx2,Qrfp,Plxdc2,Ncam1,Stac,Prl2c3,Flt4,Sdc3,Ifi205,Ifi204,3110039M20Rik,Pilra,Clip3,Scrn1,Cd109,Dkk3,Foxg1,Sox11,Uchl1,Gm26716,Dynap,Csn3,Edil3,Rgs20,Col5a1,Ndst3,Pcdh9,Fabp7,Mndal,AC166344.1,Pilrb2,Sp7,Flnc,Cdh6,AC161275.1,Rbfox1,Smoc2,Olfm2,Axl,Piezo2,Layn,Vim,Acan,Arap3,Colec12,Fgfr1,Nes,Twist1,Rgs5,Dbn1,Igf2bp1,Fscn1,Tmem200a,Hey1,Gm28875,Cdh2,Dpysl3,Parvb,H2-M1,Cnksr2,Slitrk5,Cttnbp2,Adgra1,Syn1,Itga5,Fst,Efcc1,Cacna2d1,Pilrb1,Rgs2,Klra4,Ifitm10,Timp1,Khdrbs3,Mcub,Ltbp1,Chst11,Upp1,Loxl2,Sept6,Erc2,Zfhx4,Oaf,Syne3,Gng11,Rbpms2,Inhba,Pkp1,Sh3kbp1,Ggta1,Lgr6,Tnc,Lbh,Pcdh19,Pla2r1,Lysmd2,Col5a3,Plekho2,Ackr3,Cdh10,March4,Gli3,Ltbp2,Npy,Bdnf,Ccdc88a,Dhh,Cxxc5,Ifi203-ps,Clca3a1,Phldb1,Pgf,Flrt2,Pcdh7,Klra5,Klra17,Igfbp4,Wnt5a,Stc1,Sox2,Sspn,Atp2b4,Slc9a2,Plag1,Lingo2,Cpe,Anks1b,Slc37a2,Tiam2,Adamts7,Steap1,Kcnf1,Fbln2,Steap3,Gatm,Mmd,Obsl1,Abcb1a,Kirrel3,Ncs1,Lgals1,Gfra1,Tcf7,Maf,Sned1,Lsp1,Cthrc1,Prkg2,Mturn,Cercam,Ank,Htra3,Iffo1,Htra1,Gabre,Pdgfc,Ap1s2,P4ha3,Ltbp4,Pdlim4,Klra1,Prune2,Ptpru,Plpp3,Lix1l,Spred3,Lrp1,Anxa8,Pxdn,S100a4,Fxyd5,Acsbg1,Fam84a,Map2k6,Gpm6b,Sept5,Prrx2,Rem2,Jam2,Egfr,Cd1d1,Hmga2,Aqp1,Tpbg,Nudt10,Tnnt2,Dlg4,Chsy3,Adgrl3,AC131720.3,Col7a1,Tcaf2,Csgalnact1,Sema6d,Lpar1,Pstpip1,Plscr4,Tgfb1,Tmsb15b2,Add2,Lamb1,Gm44126,Igsf11,Gpx3,Ghr,Trps1,Stxbp1,Akap2,Rnf24,Tead2,Sox5,Selenom,Map1b,Adgrg3,Arhgef3,Runx2,Gfpt2,Dpy19l1,Aqp3,Onecut2,Spp1,Mical3,Snap25,Tpd52l1,Asap1,Greb1,Gpr153,5830408C22Rik,Loxl3,Flt1,Kcnh2,Sdc2,Kcnab1,Spsb1,Frmd4a,St3gal2,Tspan6,Wipf1,Ifi203,Cdyl2,D630003M21Rik,Gm14005,Unc5b,Cmtm3,Speg,AC155293.1,2610203C20Rik,Bhlhe41,Ier5l,Padi2,Cdh17,Angptl2,Rps6ka2,Dock8,Gm14418,Ngf,Tdpx-ps1,Col4a6,Rgmb,Rara,Gpc2,Prrt2,Slc29a1,Tmsb15l,Kcnn4,Nid1,5031439G07Rik,L3mbtl3,Hip1,Meis3,Lmcd1,Homer3,Cbfb,Ttyh2,Il17ra,Hsp25-ps1,B4galt5,Gm9347,Fmnl3,Ap3m2,Myo10,Stk10,Eml1,Ptk2b,Zfpm1,Rab7b,Gm14434,Dst,Gpr39,Tmem198b,Gm11557,Gm14322,Smad7,Plod2,Acvr1,Map3k2,Arap2,Cdkn2a,Neo1,Gnb4,Kitl,Rassf8,Olfr1372-ps1,G0s2,Fkbp14,Igf2bp2,Gnb5,Acap3,Fkbp7,Rasa4,Col27a1,Hsd17b7,Prkar1b,Rgs12,Smo,1810011O10Rik,Peak1,Manea,Smtn,Bmp1,Cib2,Ext1,Tcaf1,Myo5a,Hspb1,Ccdc102a,Dusp5,Stx1a,AC160637.1,Serpinb8,Slc16a3,AC159190.1,Tpst2,Cblb,Aebp1,Abl2,Rcn2,Ldlrad4,Tmcc3,Socs6,P3h4,Ppp1r18,Mllt11,Nkiras1,Frmd6,Sumf2,Itgb3,Mxi1,Klrc1,Olfml2b,Nav1,Nptn,Sh3pxd2b,Hsdl2,Tcf4,Ugdh,Efemp2,Gm379,Csnk1g3,Abcb1b,Map7d1,Itgb5,Extl3,Usp11,Klf10,Abcc1,Crim1,Nf1,Hist1h2bc,Cep170,Pcbp4,Slc39a13,Fam126a,Ctgf,Rras,AC154597.1,F2r,Gm9833,Rtn4,Ebpl,Nfatc1,0610010F05Rik,Gm14419,Ttll1,Tmem120a,Rbm45,Mast4,Ogdhl,Glis3,Samd14,Elk1,Pxylp1,Gm6560,Whrn,Yaf2,Apex2,Fer,Fez2,Styk1,Creb3l2,Ppm1f,Kirrel,Ankrd28,Maged2,Hist2h2aa1,Glmn,Camk2n1,Rab43,Ltbp3,Adprh,Bace1,Tmsb15b1,Gm8825,Igf1r,Iffo2,Nrn1,Camta1,1110046J04Rik,Tulp3,Mllt3,Fblim1,Gabpa,Snapc3,Tuba1a,B4galt7,Tnfrsf22,Ctxn1,Nol4l,Crtap,Adgrl1,Dlg5,Mxra8,Tcf12,Abca2,Plat,Scai,Klhl26,Utp18,Cdkn2b,Ppfibp1,Trib2,Gm6710,AC159297.3,Tspan3,Gm8420,Fam20c,Zfp697,Kctd11,Zdhhc8,Dtx2,Fn1,Galns,Dzip1l,Ddx59,Kif3a,Slc25a30,Klrc2,Gm8349,Hist2h2aa2,Bcorl1,Jag1,Srgap3,Glis2,Praf2,Gm3756,Map2,Slc30a4,Impdh1,Pfkm,Shoc2,Gm14410,Timp2,Plce1,Map4,Usp43,Arhgap42,Gm6395,Golim4,Arhgap23,Ccs,Acap2,Rp2,Slc39a6,Vcp-rs,Gm6467,Gm14326,Gm26735,Ttc21b,Pbx1,Fzd3,Gm14296,Sec23a,Bnip2
Cluster 12,Azgp1,Lrrc52,Osr2,Gm2617,Lrmp,Tmprss6,BC018473,Paqr6,Krt87,Cyp21a1,Ass1,Aph1c,Krt83,Six4,Mc5r,Mycl,Slc38a4,Ly6k,Slc39a2,Xxylt1,Zfp872,Gm5424,Rims1,Ace,AC118222.2,Ldhd,Pla2g4f,Gm3604,Ciart,3222401L13Rik,Ttc36,Rasl12,Olfr721-ps1,Foxred2,Ddr2,Snhg9,Prr15,Gm6445,Arrb2,Kctd1,AC164623.1,Ppp1r3b,Fmo5,Rps4l,Dcaf6,Glul,Gm17189,Nudt17,1810024B03Rik,Gnmt,Pfkfb3,Gm42722,Etfbkmt,Fetub,Gm14167,Bnipl,Asrgl1,Pabpc1l,Mroh2a,Alkal1,Zfp773,Neurl3,Orm3,Grem2,1810064F22Rik,Cpne8,Cd164l2,Zfp229,Fkbp5,P2rx2,4930556M19Rik,E130311K13Rik,Pygl,Mtus2,Notch3,Micall1,Def6,Plcb4,Steap4,Fbp1,Pced1b,Gm26982,Gm5616,Mbd1,Cd59a,Fgl1,Bik,5930430L01Rik,2310015A10Rik,Dqx1,Gm5900,Fga,Nol3,Ly6c2,mt-Te,Bace2,Fam102a,Nrbp2,Lrrc31,Entpd2,Acp5,Arhgdib,Slc46a3,Pak6,Chst13,Medag,Gm4540,Khk,Man2a1,Mast1,Zfp810,Fam126b,Ssx2ip,Tmem38a,Baiap2l2,Tlr5,Stk32a,Kng2,Gm4613,2810474O19Rik,Desi1,Gm10499,Shisa4,Gjb6,Slc17a9,Igfbp6,Gm20632,Pcgf1,Spopl,Ppp1r21,2310030G06Rik,Tgfbr3,Sh3bp1,Gpc4,2310009B15Rik,Vwa5a,Per2,Znrf1,Tmem213,Slc41a1,A930004D18Rik,Il1r1,Lpin3,Kat2b,Gm15406,Gclc,Sil1,Lrp4,Chst15,Tead3,Efna3,9530077C05Rik,Sccpdh,Zfp995,Tpst1,Gm8741,Ptpn9,Ifitm3,Gpr160,Tmem189,Gm12854,Wdr25,Sema4a,Mbd2,Ces1e,Col6a1,Hp,Col6a2,A130010J15Rik,Mapkapk2,Foxo1,Gm7665,Golph3,Large1,Cox20,Proc,Gm8783,Tk2,Mtch1,Gm15889,Bend7,Pmm1,Eif5a2,Naip5,Gm7334,Acacb,Rps15a-ps8,Gm15421,Muc5ac,Lpcat4,Gm4742,Fhod1,Itm2a,Dsc2,Tmem37,Gstm5,Vps13b,Ypel4,Agfg1,Zfp750,Dab2,Pigk,Gm12966,BC026585,Gdpd1,Rapgef1,Edn3,Sytl1,H2-Q2,Pqlc3,Plbd1,Acss2,Ppic,Emc7,Prelid2,Zcchc3,Gpt,Cul3,Gm45752,March5,Gm6969,Rab20,Mpc1-ps,Commd10,Dab2ip,Pla2g12a,1810059H22Rik,Zfp445,AC163033.2,Mcf2l,Gm5131,Orm1,Sipa1l1,Gm4149,Serpinf1,Ppp4r1l-ps,Gm13443,Trim6,Zdhhc1,Dapp1,Gm6733,Zbtb42,Susd4,Pde7a,Dtna,Fkbp11,Mapkapk3,Ckmt1,Pigyl,Atmin,Tmprss4,Zfp942,Mpc2,Fdx1,Gpr146,Zfp598,Gga1,Mroh1,Gm12251,Scamp5,Rnf11,Prrc1,Ppp2cb,Phlda2,Yod1,Daam2,Coro2b,1700017B05Rik,Irf2bp2,Rarg,Arnt,Igfbp7,Rgs3,Apoc1,Plpp5,Eps8,Mta3,Neu1,Gm26804,Tmed7,Lgmn,Eif4g3,H1f0,Pmvk,Pex11b,Pias3,Fam43a,Terf2ip,Naprt,Vsig2,Slpi,Gm10221,Zfp1,1810062G17Rik,Pfdn2,Gnl1,Vps18,Smpdl3b,Alas1,Gpatch2l,Iars2,Tbc1d8,Mfsd4a,Gjb2,Cenpb,Tns2,Ptpn21,Agpat2,Pi4kb,Lamtor4,Fer1l4,Spats2,Gm11273,B4galt3,Aldh6a1,Cyb5a,Ifnar2,Gm8210,Blzf1,Manbal,Zfp408,Cbr3,Pim3,Zfp703,Tef,Ankrd13c,Gm6916,Cd302,Lat2,Phyh,Cops9,Tacc1,Tmem79,Arg2,Degs1,Agl,Naip6,Ndufaf3,Atp6v0a4,Acad10,Gm13736,Slc39a14,Cbx7,Mapk13,Scrib,Slc9a6,Fzd6,Isca2,Slc44a4,Ptpmt1,Oplah,Cpsf1,Dsg2,Dennd1b,Ssfa2,2010300C02Rik,A330023F24Rik,Ankrd46,Atp5e,Arfgef2,Hdac4,4933431E20Rik,Pgrmc2,Pi4ka,Kcnn3,Rgs11,Ndufb3,Dpm3,Txndc11,Ly6c1,Prelid3b,Commd2,Pfdn5,Gm16432,Myo5b,Fech,Hist1h1c,Slc25a29,Prdx6,Gramd1b,Bhlhe40,1700020I14Rik,Tmem131,C920006O11Rik,Snhg18,Nr1d1,Decr2,Nenf,Romo1,Lactb2,Garnl3,Tmem163,Gstk1,Zfp827,Itm2c,Atp5l,C1qtnf6,Gstm2,Cox6c,Ddx17,Rnf139,Mien1,Rpl37a,Yy1,1810037I17Rik,Gpx1,Grk3,Mzt2,Herpud1,Pbxip1,Trim2,Ube2l6,Srp9,Ctsz,Atp1a1,Gnas,2010016I18Rik,Gorasp1,Ppib,Trip12,Fbp2,Ces1d,Gm13127,H3f3c,Entpd5,Mgst3,Rit1,Chkb,Mphosph6,Ndufb9,Qpct,Stap2,Eif5b,Ubr3,Sec22b,1500011K16Rik,Naxe,Alkbh3,Gm16415,Hmox1,C1rl,Gm15801,Tmem123,Ptpn18,Ctdspl,Arl2bp,Fam160a1,Atp9a,1810019D21Rik,Gm10443,Zfp809,Sfxn5,Ly96,Cops5,Sec62,Zfp281,Gnb2,Ndufa7,Btbd6,Gm14303,Parp3,Pex19,Zfp740,Sec11c,Timm8b,Bcl2l14,Sp140,Ppp2r5a,Retreg2,Tspo,Dpm1,Basp1,Ptp4a1,Setd7,Hdgf,Npc2,Naxd,Angel2,Gm13841,Grina,Pdgfb,Nek9,Rpl30,Dnajc22,Gsta3,Dcaf8,Gm10193,Atp7b,Ctbs,Tmem173,Higd1a,Psmb4,2210408F21Rik,Ccdc124,Ptbp2,S100a11,Ociad2,Wfdc2,Atf1,Arf3